<?xml version="1.0" encoding="UTF-8"?>
<beans xmlns="http://www.springframework.org/schema/beans"
	xmlns:xsi="http://www.w3.org/2001/XMLSchema-instance"
	xsi:schemaLocation="http://www.springframework.org/schema/beans https://www.springframework.org/schema/beans/spring-beans.xsd">
	
	
	<!-- Root Context: defines shared resources visible to all other web components -->
	<!-- 이메일 보내는 bean -->
	<!-- 1. 보내는 사람은 gmail만 가능하다. -->
	<!-- 2. 받는 사람은 모두 가능하다. -->
	<!-- 3. https://support.google.com/accounts/answer/6010255 : 보안 수준이 낮은 앱 허용 -->
	<bean id="mailSender" class="org.springframework.mail.javamail.JavaMailSenderImpl">
		<property name="host" value="smtp.gmail.com" />
		<property name="port" value="587" />
		<property name="username" value="soeun170905@gmail.com" />
		<property name="password" value="San99058!!!" />
		<property name="javaMailProperties">
			<props>
				<prop key="mail.smtp.auth">true</prop>
				<prop key="mail.smtp.starttls.enable">true</prop>
			</props>
		</property>
	</bean>
	
</beans>
